contact_id	unit	channel_id	gain	type	sampling_frequency
	V		3.02734375e-06	EXT	30000.0
1	V	1	3.02734375e-06	EXT	30000.0
2	V	2	3.02734375e-06	EXT	30000.0
3	V	3	3.02734375e-06	EXT	30000.0
4	V	4	3.02734375e-06	EXT	30000.0
5	V	5	3.02734375e-06	EXT	30000.0
6	V	6	3.02734375e-06	EXT	30000.0
7	V	7	3.02734375e-06	EXT	30000.0
8	V	8	3.02734375e-06	EXT	30000.0
9	V	9	3.02734375e-06	EXT	30000.0
10	V	10	3.02734375e-06	EXT	30000.0
11	V	11	3.02734375e-06	EXT	30000.0
12	V	12	3.02734375e-06	EXT	30000.0
13	V	13	3.02734375e-06	EXT	30000.0
14	V	14	3.02734375e-06	EXT	30000.0
15	V	15	3.02734375e-06	EXT	30000.0
16	V	16	3.02734375e-06	EXT	30000.0
17	V	17	3.02734375e-06	EXT	30000.0
18	V	18	3.02734375e-06	EXT	30000.0
19	V	19	3.02734375e-06	EXT	30000.0
20	V	20	3.02734375e-06	EXT	30000.0
21	V	21	3.02734375e-06	EXT	30000.0
22	V	22	3.02734375e-06	EXT	30000.0
23	V	23	3.02734375e-06	EXT	30000.0
24	V	24	3.02734375e-06	EXT	30000.0
25	V	25	3.02734375e-06	EXT	30000.0
26	V	26	3.02734375e-06	EXT	30000.0
27	V	27	3.02734375e-06	EXT	30000.0
28	V	28	3.02734375e-06	EXT	30000.0
29	V	29	3.02734375e-06	EXT	30000.0
30	V	30	3.02734375e-06	EXT	30000.0
31	V	31	3.02734375e-06	EXT	30000.0
32	V	32	3.02734375e-06	EXT	30000.0
33	V	33	3.02734375e-06	EXT	30000.0
34	V	34	3.02734375e-06	EXT	30000.0
35	V	35	3.02734375e-06	EXT	30000.0
36	V	36	3.02734375e-06	EXT	30000.0
37	V	37	3.02734375e-06	EXT	30000.0
38	V	38	3.02734375e-06	EXT	30000.0
39	V	39	3.02734375e-06	EXT	30000.0
40	V	40	3.02734375e-06	EXT	30000.0
41	V	41	3.02734375e-06	EXT	30000.0
42	V	42	3.02734375e-06	EXT	30000.0
43	V	43	3.02734375e-06	EXT	30000.0
44	V	44	3.02734375e-06	EXT	30000.0
45	V	45	3.02734375e-06	EXT	30000.0
46	V	46	3.02734375e-06	EXT	30000.0
47	V	47	3.02734375e-06	EXT	30000.0
48	V	48	3.02734375e-06	EXT	30000.0
49	V	49	3.02734375e-06	EXT	30000.0
50	V	50	3.02734375e-06	EXT	30000.0
51	V	51	3.02734375e-06	EXT	30000.0
52	V	52	3.02734375e-06	EXT	30000.0
53	V	53	3.02734375e-06	EXT	30000.0
54	V	54	3.02734375e-06	EXT	30000.0
55	V	55	3.02734375e-06	EXT	30000.0
56	V	56	3.02734375e-06	EXT	30000.0
57	V	57	3.02734375e-06	EXT	30000.0
58	V	58	3.02734375e-06	EXT	30000.0
59	V	59	3.02734375e-06	EXT	30000.0
60	V	60	3.02734375e-06	EXT	30000.0
61	V	61	3.02734375e-06	EXT	30000.0
62	V	62	3.02734375e-06	EXT	30000.0
63	V	63	3.02734375e-06	EXT	30000.0
64	V	64	3.02734375e-06	EXT	30000.0
65	V	65	3.02734375e-06	EXT	30000.0
66	V	66	3.02734375e-06	EXT	30000.0
67	V	67	3.02734375e-06	EXT	30000.0
68	V	68	3.02734375e-06	EXT	30000.0
69	V	69	3.02734375e-06	EXT	30000.0
70	V	70	3.02734375e-06	EXT	30000.0
71	V	71	3.02734375e-06	EXT	30000.0
72	V	72	3.02734375e-06	EXT	30000.0
73	V	73	3.02734375e-06	EXT	30000.0
74	V	74	3.02734375e-06	EXT	30000.0
75	V	75	3.02734375e-06	EXT	30000.0
76	V	76	3.02734375e-06	EXT	30000.0
77	V	77	3.02734375e-06	EXT	30000.0
78	V	78	3.02734375e-06	EXT	30000.0
79	V	79	3.02734375e-06	EXT	30000.0
80	V	80	3.02734375e-06	EXT	30000.0
81	V	81	3.02734375e-06	EXT	30000.0
82	V	82	3.02734375e-06	EXT	30000.0
83	V	83	3.02734375e-06	EXT	30000.0
84	V	84	3.02734375e-06	EXT	30000.0
85	V	85	3.02734375e-06	EXT	30000.0
86	V	86	3.02734375e-06	EXT	30000.0
87	V	87	3.02734375e-06	EXT	30000.0
88	V	88	3.02734375e-06	EXT	30000.0
89	V	89	3.02734375e-06	EXT	30000.0
90	V	90	3.02734375e-06	EXT	30000.0
91	V	91	3.02734375e-06	EXT	30000.0
92	V	92	3.02734375e-06	EXT	30000.0
93	V	93	3.02734375e-06	EXT	30000.0
94	V	94	3.02734375e-06	EXT	30000.0
95	V	95	3.02734375e-06	EXT	30000.0
96	V	96	3.02734375e-06	EXT	30000.0
97	V	97	3.02734375e-06	EXT	30000.0
98	V	98	3.02734375e-06	EXT	30000.0
99	V	99	3.02734375e-06	EXT	30000.0
100	V	100	3.02734375e-06	EXT	30000.0
101	V	101	3.02734375e-06	EXT	30000.0
102	V	102	3.02734375e-06	EXT	30000.0
103	V	103	3.02734375e-06	EXT	30000.0
104	V	104	3.02734375e-06	EXT	30000.0
105	V	105	3.02734375e-06	EXT	30000.0
106	V	106	3.02734375e-06	EXT	30000.0
107	V	107	3.02734375e-06	EXT	30000.0
108	V	108	3.02734375e-06	EXT	30000.0
109	V	109	3.02734375e-06	EXT	30000.0
110	V	110	3.02734375e-06	EXT	30000.0
111	V	111	3.02734375e-06	EXT	30000.0
112	V	112	3.02734375e-06	EXT	30000.0
113	V	113	3.02734375e-06	EXT	30000.0
114	V	114	3.02734375e-06	EXT	30000.0
115	V	115	3.02734375e-06	EXT	30000.0
116	V	116	3.02734375e-06	EXT	30000.0
117	V	117	3.02734375e-06	EXT	30000.0
118	V	118	3.02734375e-06	EXT	30000.0
119	V	119	3.02734375e-06	EXT	30000.0
120	V	120	3.02734375e-06	EXT	30000.0
121	V	121	3.02734375e-06	EXT	30000.0
122	V	122	3.02734375e-06	EXT	30000.0
123	V	123	3.02734375e-06	EXT	30000.0
124	V	124	3.02734375e-06	EXT	30000.0
125	V	125	3.02734375e-06	EXT	30000.0
126	V	126	3.02734375e-06	EXT	30000.0
127	V	127	3.02734375e-06	EXT	30000.0
128	V	128	3.02734375e-06	EXT	30000.0
129	V	129	3.02734375e-06	EXT	30000.0
130	V	130	3.02734375e-06	EXT	30000.0
131	V	131	3.02734375e-06	EXT	30000.0
132	V	132	3.02734375e-06	EXT	30000.0
133	V	133	3.02734375e-06	EXT	30000.0
134	V	134	3.02734375e-06	EXT	30000.0
135	V	135	3.02734375e-06	EXT	30000.0
136	V	136	3.02734375e-06	EXT	30000.0
137	V	137	3.02734375e-06	EXT	30000.0
138	V	138	3.02734375e-06	EXT	30000.0
139	V	139	3.02734375e-06	EXT	30000.0
140	V	140	3.02734375e-06	EXT	30000.0
141	V	141	3.02734375e-06	EXT	30000.0
142	V	142	3.02734375e-06	EXT	30000.0
143	V	143	3.02734375e-06	EXT	30000.0
144	V	144	3.02734375e-06	EXT	30000.0
145	V	145	3.02734375e-06	EXT	30000.0
146	V	146	3.02734375e-06	EXT	30000.0
147	V	147	3.02734375e-06	EXT	30000.0
148	V	148	3.02734375e-06	EXT	30000.0
149	V	149	3.02734375e-06	EXT	30000.0
150	V	150	3.02734375e-06	EXT	30000.0
151	V	151	3.02734375e-06	EXT	30000.0
152	V	152	3.02734375e-06	EXT	30000.0
153	V	153	3.02734375e-06	EXT	30000.0
154	V	154	3.02734375e-06	EXT	30000.0
155	V	155	3.02734375e-06	EXT	30000.0
156	V	156	3.02734375e-06	EXT	30000.0
157	V	157	3.02734375e-06	EXT	30000.0
158	V	158	3.02734375e-06	EXT	30000.0
159	V	159	3.02734375e-06	EXT	30000.0
160	V	160	3.02734375e-06	EXT	30000.0
161	V	161	3.02734375e-06	EXT	30000.0
162	V	162	3.02734375e-06	EXT	30000.0
163	V	163	3.02734375e-06	EXT	30000.0
164	V	164	3.02734375e-06	EXT	30000.0
165	V	165	3.02734375e-06	EXT	30000.0
166	V	166	3.02734375e-06	EXT	30000.0
167	V	167	3.02734375e-06	EXT	30000.0
168	V	168	3.02734375e-06	EXT	30000.0
169	V	169	3.02734375e-06	EXT	30000.0
170	V	170	3.02734375e-06	EXT	30000.0
171	V	171	3.02734375e-06	EXT	30000.0
172	V	172	3.02734375e-06	EXT	30000.0
173	V	173	3.02734375e-06	EXT	30000.0
174	V	174	3.02734375e-06	EXT	30000.0
175	V	175	3.02734375e-06	EXT	30000.0
176	V	176	3.02734375e-06	EXT	30000.0
177	V	177	3.02734375e-06	EXT	30000.0
178	V	178	3.02734375e-06	EXT	30000.0
179	V	179	3.02734375e-06	EXT	30000.0
180	V	180	3.02734375e-06	EXT	30000.0
181	V	181	3.02734375e-06	EXT	30000.0
182	V	182	3.02734375e-06	EXT	30000.0
183	V	183	3.02734375e-06	EXT	30000.0
184	V	184	3.02734375e-06	EXT	30000.0
185	V	185	3.02734375e-06	EXT	30000.0
186	V	186	3.02734375e-06	EXT	30000.0
187	V	187	3.02734375e-06	EXT	30000.0
188	V	188	3.02734375e-06	EXT	30000.0
189	V	189	3.02734375e-06	EXT	30000.0
190	V	190	3.02734375e-06	EXT	30000.0
191	V	191	3.02734375e-06	EXT	30000.0
192	V	192	3.02734375e-06	EXT	30000.0
193	V	193	3.02734375e-06	EXT	30000.0
194	V	194	3.02734375e-06	EXT	30000.0
195	V	195	3.02734375e-06	EXT	30000.0
196	V	196	3.02734375e-06	EXT	30000.0
197	V	197	3.02734375e-06	EXT	30000.0
198	V	198	3.02734375e-06	EXT	30000.0
199	V	199	3.02734375e-06	EXT	30000.0
200	V	200	3.02734375e-06	EXT	30000.0
201	V	201	3.02734375e-06	EXT	30000.0
202	V	202	3.02734375e-06	EXT	30000.0
203	V	203	3.02734375e-06	EXT	30000.0
204	V	204	3.02734375e-06	EXT	30000.0
205	V	205	3.02734375e-06	EXT	30000.0
206	V	206	3.02734375e-06	EXT	30000.0
207	V	207	3.02734375e-06	EXT	30000.0
208	V	208	3.02734375e-06	EXT	30000.0
209	V	209	3.02734375e-06	EXT	30000.0
210	V	210	3.02734375e-06	EXT	30000.0
211	V	211	3.02734375e-06	EXT	30000.0
212	V	212	3.02734375e-06	EXT	30000.0
213	V	213	3.02734375e-06	EXT	30000.0
214	V	214	3.02734375e-06	EXT	30000.0
215	V	215	3.02734375e-06	EXT	30000.0
216	V	216	3.02734375e-06	EXT	30000.0
217	V	217	3.02734375e-06	EXT	30000.0
218	V	218	3.02734375e-06	EXT	30000.0
219	V	219	3.02734375e-06	EXT	30000.0
220	V	220	3.02734375e-06	EXT	30000.0
221	V	221	3.02734375e-06	EXT	30000.0
222	V	222	3.02734375e-06	EXT	30000.0
223	V	223	3.02734375e-06	EXT	30000.0
224	V	224	3.02734375e-06	EXT	30000.0
225	V	225	3.02734375e-06	EXT	30000.0
226	V	226	3.02734375e-06	EXT	30000.0
227	V	227	3.02734375e-06	EXT	30000.0
228	V	228	3.02734375e-06	EXT	30000.0
229	V	229	3.02734375e-06	EXT	30000.0
230	V	230	3.02734375e-06	EXT	30000.0
231	V	231	3.02734375e-06	EXT	30000.0
232	V	232	3.02734375e-06	EXT	30000.0
233	V	233	3.02734375e-06	EXT	30000.0
234	V	234	3.02734375e-06	EXT	30000.0
235	V	235	3.02734375e-06	EXT	30000.0
236	V	236	3.02734375e-06	EXT	30000.0
237	V	237	3.02734375e-06	EXT	30000.0
238	V	238	3.02734375e-06	EXT	30000.0
239	V	239	3.02734375e-06	EXT	30000.0
240	V	240	3.02734375e-06	EXT	30000.0
241	V	241	3.02734375e-06	EXT	30000.0
242	V	242	3.02734375e-06	EXT	30000.0
243	V	243	3.02734375e-06	EXT	30000.0
244	V	244	3.02734375e-06	EXT	30000.0
245	V	245	3.02734375e-06	EXT	30000.0
246	V	246	3.02734375e-06	EXT	30000.0
247	V	247	3.02734375e-06	EXT	30000.0
248	V	248	3.02734375e-06	EXT	30000.0
249	V	249	3.02734375e-06	EXT	30000.0
250	V	250	3.02734375e-06	EXT	30000.0
251	V	251	3.02734375e-06	EXT	30000.0
252	V	252	3.02734375e-06	EXT	30000.0
253	V	253	3.02734375e-06	EXT	30000.0
254	V	254	3.02734375e-06	EXT	30000.0
255	V	255	3.02734375e-06	EXT	30000.0
256	V	256	3.02734375e-06	EXT	30000.0
257	V	257	3.02734375e-06	EXT	30000.0
258	V	258	3.02734375e-06	EXT	30000.0
259	V	259	3.02734375e-06	EXT	30000.0
260	V	260	3.02734375e-06	EXT	30000.0
261	V	261	3.02734375e-06	EXT	30000.0
262	V	262	3.02734375e-06	EXT	30000.0
263	V	263	3.02734375e-06	EXT	30000.0
264	V	264	3.02734375e-06	EXT	30000.0
265	V	265	3.02734375e-06	EXT	30000.0
266	V	266	3.02734375e-06	EXT	30000.0
267	V	267	3.02734375e-06	EXT	30000.0
268	V	268	3.02734375e-06	EXT	30000.0
269	V	269	3.02734375e-06	EXT	30000.0
270	V	270	3.02734375e-06	EXT	30000.0
271	V	271	3.02734375e-06	EXT	30000.0
272	V	272	3.02734375e-06	EXT	30000.0
273	V	273	3.02734375e-06	EXT	30000.0
274	V	274	3.02734375e-06	EXT	30000.0
275	V	275	3.02734375e-06	EXT	30000.0
276	V	276	3.02734375e-06	EXT	30000.0
277	V	277	3.02734375e-06	EXT	30000.0
278	V	278	3.02734375e-06	EXT	30000.0
279	V	279	3.02734375e-06	EXT	30000.0
280	V	280	3.02734375e-06	EXT	30000.0
281	V	281	3.02734375e-06	EXT	30000.0
282	V	282	3.02734375e-06	EXT	30000.0
283	V	283	3.02734375e-06	EXT	30000.0
284	V	284	3.02734375e-06	EXT	30000.0
285	V	285	3.02734375e-06	EXT	30000.0
286	V	286	3.02734375e-06	EXT	30000.0
287	V	287	3.02734375e-06	EXT	30000.0
288	V	288	3.02734375e-06	EXT	30000.0
289	V	289	3.02734375e-06	EXT	30000.0
290	V	290	3.02734375e-06	EXT	30000.0
291	V	291	3.02734375e-06	EXT	30000.0
292	V	292	3.02734375e-06	EXT	30000.0
293	V	293	3.02734375e-06	EXT	30000.0
294	V	294	3.02734375e-06	EXT	30000.0
295	V	295	3.02734375e-06	EXT	30000.0
296	V	296	3.02734375e-06	EXT	30000.0
297	V	297	3.02734375e-06	EXT	30000.0
298	V	298	3.02734375e-06	EXT	30000.0
299	V	299	3.02734375e-06	EXT	30000.0
300	V	300	3.02734375e-06	EXT	30000.0
301	V	301	3.02734375e-06	EXT	30000.0
302	V	302	3.02734375e-06	EXT	30000.0
303	V	303	3.02734375e-06	EXT	30000.0
304	V	304	3.02734375e-06	EXT	30000.0
305	V	305	3.02734375e-06	EXT	30000.0
306	V	306	3.02734375e-06	EXT	30000.0
307	V	307	3.02734375e-06	EXT	30000.0
308	V	308	3.02734375e-06	EXT	30000.0
309	V	309	3.02734375e-06	EXT	30000.0
310	V	310	3.02734375e-06	EXT	30000.0
311	V	311	3.02734375e-06	EXT	30000.0
312	V	312	3.02734375e-06	EXT	30000.0
313	V	313	3.02734375e-06	EXT	30000.0
314	V	314	3.02734375e-06	EXT	30000.0
315	V	315	3.02734375e-06	EXT	30000.0
316	V	316	3.02734375e-06	EXT	30000.0
317	V	317	3.02734375e-06	EXT	30000.0
318	V	318	3.02734375e-06	EXT	30000.0
319	V	319	3.02734375e-06	EXT	30000.0
320	V	320	3.02734375e-06	EXT	30000.0
321	V	321	3.02734375e-06	EXT	30000.0
322	V	322	3.02734375e-06	EXT	30000.0
323	V	323	3.02734375e-06	EXT	30000.0
324	V	324	3.02734375e-06	EXT	30000.0
325	V	325	3.02734375e-06	EXT	30000.0
326	V	326	3.02734375e-06	EXT	30000.0
327	V	327	3.02734375e-06	EXT	30000.0
328	V	328	3.02734375e-06	EXT	30000.0
329	V	329	3.02734375e-06	EXT	30000.0
330	V	330	3.02734375e-06	EXT	30000.0
331	V	331	3.02734375e-06	EXT	30000.0
332	V	332	3.02734375e-06	EXT	30000.0
333	V	333	3.02734375e-06	EXT	30000.0
334	V	334	3.02734375e-06	EXT	30000.0
335	V	335	3.02734375e-06	EXT	30000.0
336	V	336	3.02734375e-06	EXT	30000.0
337	V	337	3.02734375e-06	EXT	30000.0
338	V	338	3.02734375e-06	EXT	30000.0
339	V	339	3.02734375e-06	EXT	30000.0
340	V	340	3.02734375e-06	EXT	30000.0
341	V	341	3.02734375e-06	EXT	30000.0
342	V	342	3.02734375e-06	EXT	30000.0
343	V	343	3.02734375e-06	EXT	30000.0
344	V	344	3.02734375e-06	EXT	30000.0
345	V	345	3.02734375e-06	EXT	30000.0
346	V	346	3.02734375e-06	EXT	30000.0
347	V	347	3.02734375e-06	EXT	30000.0
348	V	348	3.02734375e-06	EXT	30000.0
349	V	349	3.02734375e-06	EXT	30000.0
350	V	350	3.02734375e-06	EXT	30000.0
351	V	351	3.02734375e-06	EXT	30000.0
352	V	352	3.02734375e-06	EXT	30000.0
353	V	353	3.02734375e-06	EXT	30000.0
354	V	354	3.02734375e-06	EXT	30000.0
355	V	355	3.02734375e-06	EXT	30000.0
356	V	356	3.02734375e-06	EXT	30000.0
357	V	357	3.02734375e-06	EXT	30000.0
358	V	358	3.02734375e-06	EXT	30000.0
359	V	359	3.02734375e-06	EXT	30000.0
360	V	360	3.02734375e-06	EXT	30000.0
361	V	361	3.02734375e-06	EXT	30000.0
362	V	362	3.02734375e-06	EXT	30000.0
363	V	363	3.02734375e-06	EXT	30000.0
364	V	364	3.02734375e-06	EXT	30000.0
365	V	365	3.02734375e-06	EXT	30000.0
366	V	366	3.02734375e-06	EXT	30000.0
367	V	367	3.02734375e-06	EXT	30000.0
368	V	368	3.02734375e-06	EXT	30000.0
369	V	369	3.02734375e-06	EXT	30000.0
370	V	370	3.02734375e-06	EXT	30000.0
371	V	371	3.02734375e-06	EXT	30000.0
372	V	372	3.02734375e-06	EXT	30000.0
373	V	373	3.02734375e-06	EXT	30000.0
374	V	374	3.02734375e-06	EXT	30000.0
375	V	375	3.02734375e-06	EXT	30000.0
376	V	376	3.02734375e-06	EXT	30000.0
377	V	377	3.02734375e-06	EXT	30000.0
378	V	378	3.02734375e-06	EXT	30000.0
379	V	379	3.02734375e-06	EXT	30000.0
380	V	380	3.02734375e-06	EXT	30000.0
381	V	381	3.02734375e-06	EXT	30000.0
382	V	382	3.02734375e-06	EXT	30000.0
383	V	383	3.02734375e-06	EXT	30000.0
384	V	384	3.02734375e-06	EXT	30000.0
385	V	385	3.02734375e-06	EXT	30000.0
386	V	386	3.02734375e-06	EXT	30000.0
387	V	387	3.02734375e-06	EXT	30000.0
388	V	388	3.02734375e-06	EXT	30000.0
389	V	389	3.02734375e-06	EXT	30000.0
390	V	390	3.02734375e-06	EXT	30000.0
391	V	391	3.02734375e-06	EXT	30000.0
392	V	392	3.02734375e-06	EXT	30000.0
393	V	393	3.02734375e-06	EXT	30000.0
394	V	394	3.02734375e-06	EXT	30000.0
395	V	395	3.02734375e-06	EXT	30000.0
396	V	396	3.02734375e-06	EXT	30000.0
397	V	397	3.02734375e-06	EXT	30000.0
398	V	398	3.02734375e-06	EXT	30000.0
399	V	399	3.02734375e-06	EXT	30000.0
400	V	400	3.02734375e-06	EXT	30000.0
401	V	401	3.02734375e-06	EXT	30000.0
402	V	402	3.02734375e-06	EXT	30000.0
403	V	403	3.02734375e-06	EXT	30000.0
404	V	404	3.02734375e-06	EXT	30000.0
405	V	405	3.02734375e-06	EXT	30000.0
406	V	406	3.02734375e-06	EXT	30000.0
407	V	407	3.02734375e-06	EXT	30000.0
408	V	408	3.02734375e-06	EXT	30000.0
409	V	409	3.02734375e-06	EXT	30000.0
410	V	410	3.02734375e-06	EXT	30000.0
411	V	411	3.02734375e-06	EXT	30000.0
412	V	412	3.02734375e-06	EXT	30000.0
413	V	413	3.02734375e-06	EXT	30000.0
414	V	414	3.02734375e-06	EXT	30000.0
415	V	415	3.02734375e-06	EXT	30000.0
416	V	416	3.02734375e-06	EXT	30000.0
417	V	417	3.02734375e-06	EXT	30000.0
418	V	418	3.02734375e-06	EXT	30000.0
419	V	419	3.02734375e-06	EXT	30000.0
420	V	420	3.02734375e-06	EXT	30000.0
421	V	421	3.02734375e-06	EXT	30000.0
422	V	422	3.02734375e-06	EXT	30000.0
423	V	423	3.02734375e-06	EXT	30000.0
424	V	424	3.02734375e-06	EXT	30000.0
425	V	425	3.02734375e-06	EXT	30000.0
426	V	426	3.02734375e-06	EXT	30000.0
427	V	427	3.02734375e-06	EXT	30000.0
428	V	428	3.02734375e-06	EXT	30000.0
429	V	429	3.02734375e-06	EXT	30000.0
430	V	430	3.02734375e-06	EXT	30000.0
431	V	431	3.02734375e-06	EXT	30000.0
432	V	432	3.02734375e-06	EXT	30000.0
433	V	433	3.02734375e-06	EXT	30000.0
434	V	434	3.02734375e-06	EXT	30000.0
435	V	435	3.02734375e-06	EXT	30000.0
436	V	436	3.02734375e-06	EXT	30000.0
437	V	437	3.02734375e-06	EXT	30000.0
438	V	438	3.02734375e-06	EXT	30000.0
439	V	439	3.02734375e-06	EXT	30000.0
440	V	440	3.02734375e-06	EXT	30000.0
441	V	441	3.02734375e-06	EXT	30000.0
442	V	442	3.02734375e-06	EXT	30000.0
443	V	443	3.02734375e-06	EXT	30000.0
444	V	444	3.02734375e-06	EXT	30000.0
445	V	445	3.02734375e-06	EXT	30000.0
446	V	446	3.02734375e-06	EXT	30000.0
447	V	447	3.02734375e-06	EXT	30000.0
448	V	448	3.02734375e-06	EXT	30000.0
449	V	449	3.02734375e-06	EXT	30000.0
450	V	450	3.02734375e-06	EXT	30000.0
451	V	451	3.02734375e-06	EXT	30000.0
452	V	452	3.02734375e-06	EXT	30000.0
453	V	453	3.02734375e-06	EXT	30000.0
454	V	454	3.02734375e-06	EXT	30000.0
455	V	455	3.02734375e-06	EXT	30000.0
456	V	456	3.02734375e-06	EXT	30000.0
457	V	457	3.02734375e-06	EXT	30000.0
458	V	458	3.02734375e-06	EXT	30000.0
459	V	459	3.02734375e-06	EXT	30000.0
460	V	460	3.02734375e-06	EXT	30000.0
461	V	461	3.02734375e-06	EXT	30000.0
462	V	462	3.02734375e-06	EXT	30000.0
463	V	463	3.02734375e-06	EXT	30000.0
464	V	464	3.02734375e-06	EXT	30000.0
465	V	465	3.02734375e-06	EXT	30000.0
466	V	466	3.02734375e-06	EXT	30000.0
467	V	467	3.02734375e-06	EXT	30000.0
468	V	468	3.02734375e-06	EXT	30000.0
469	V	469	3.02734375e-06	EXT	30000.0
470	V	470	3.02734375e-06	EXT	30000.0
471	V	471	3.02734375e-06	EXT	30000.0
472	V	472	3.02734375e-06	EXT	30000.0
473	V	473	3.02734375e-06	EXT	30000.0
474	V	474	3.02734375e-06	EXT	30000.0
475	V	475	3.02734375e-06	EXT	30000.0
476	V	476	3.02734375e-06	EXT	30000.0
477	V	477	3.02734375e-06	EXT	30000.0
478	V	478	3.02734375e-06	EXT	30000.0
479	V	479	3.02734375e-06	EXT	30000.0
480	V	480	3.02734375e-06	EXT	30000.0
481	V	481	3.02734375e-06	EXT	30000.0
482	V	482	3.02734375e-06	EXT	30000.0
483	V	483	3.02734375e-06	EXT	30000.0
484	V	484	3.02734375e-06	EXT	30000.0
485	V	485	3.02734375e-06	EXT	30000.0
486	V	486	3.02734375e-06	EXT	30000.0
487	V	487	3.02734375e-06	EXT	30000.0
488	V	488	3.02734375e-06	EXT	30000.0
489	V	489	3.02734375e-06	EXT	30000.0
490	V	490	3.02734375e-06	EXT	30000.0
491	V	491	3.02734375e-06	EXT	30000.0
492	V	492	3.02734375e-06	EXT	30000.0
493	V	493	3.02734375e-06	EXT	30000.0
494	V	494	3.02734375e-06	EXT	30000.0
495	V	495	3.02734375e-06	EXT	30000.0
496	V	496	3.02734375e-06	EXT	30000.0
497	V	497	3.02734375e-06	EXT	30000.0
498	V	498	3.02734375e-06	EXT	30000.0
499	V	499	3.02734375e-06	EXT	30000.0
500	V	500	3.02734375e-06	EXT	30000.0
501	V	501	3.02734375e-06	EXT	30000.0
502	V	502	3.02734375e-06	EXT	30000.0
503	V	503	3.02734375e-06	EXT	30000.0
504	V	504	3.02734375e-06	EXT	30000.0
505	V	505	3.02734375e-06	EXT	30000.0
506	V	506	3.02734375e-06	EXT	30000.0
507	V	507	3.02734375e-06	EXT	30000.0
508	V	508	3.02734375e-06	EXT	30000.0
509	V	509	3.02734375e-06	EXT	30000.0
510	V	510	3.02734375e-06	EXT	30000.0
511	V	511	3.02734375e-06	EXT	30000.0
512	V	512	3.02734375e-06	EXT	30000.0
513	V	513	3.02734375e-06	EXT	30000.0
514	V	514	3.02734375e-06	EXT	30000.0
515	V	515	3.02734375e-06	EXT	30000.0
516	V	516	3.02734375e-06	EXT	30000.0
517	V	517	3.02734375e-06	EXT	30000.0
518	V	518	3.02734375e-06	EXT	30000.0
519	V	519	3.02734375e-06	EXT	30000.0
520	V	520	3.02734375e-06	EXT	30000.0
521	V	521	3.02734375e-06	EXT	30000.0
522	V	522	3.02734375e-06	EXT	30000.0
523	V	523	3.02734375e-06	EXT	30000.0
524	V	524	3.02734375e-06	EXT	30000.0
525	V	525	3.02734375e-06	EXT	30000.0
526	V	526	3.02734375e-06	EXT	30000.0
527	V	527	3.02734375e-06	EXT	30000.0
528	V	528	3.02734375e-06	EXT	30000.0
529	V	529	3.02734375e-06	EXT	30000.0
530	V	530	3.02734375e-06	EXT	30000.0
531	V	531	3.02734375e-06	EXT	30000.0
532	V	532	3.02734375e-06	EXT	30000.0
533	V	533	3.02734375e-06	EXT	30000.0
534	V	534	3.02734375e-06	EXT	30000.0
535	V	535	3.02734375e-06	EXT	30000.0
536	V	536	3.02734375e-06	EXT	30000.0
537	V	537	3.02734375e-06	EXT	30000.0
538	V	538	3.02734375e-06	EXT	30000.0
539	V	539	3.02734375e-06	EXT	30000.0
540	V	540	3.02734375e-06	EXT	30000.0
541	V	541	3.02734375e-06	EXT	30000.0
542	V	542	3.02734375e-06	EXT	30000.0
543	V	543	3.02734375e-06	EXT	30000.0
544	V	544	3.02734375e-06	EXT	30000.0
545	V	545	3.02734375e-06	EXT	30000.0
546	V	546	3.02734375e-06	EXT	30000.0
547	V	547	3.02734375e-06	EXT	30000.0
548	V	548	3.02734375e-06	EXT	30000.0
549	V	549	3.02734375e-06	EXT	30000.0
550	V	550	3.02734375e-06	EXT	30000.0
551	V	551	3.02734375e-06	EXT	30000.0
552	V	552	3.02734375e-06	EXT	30000.0
553	V	553	3.02734375e-06	EXT	30000.0
554	V	554	3.02734375e-06	EXT	30000.0
555	V	555	3.02734375e-06	EXT	30000.0
556	V	556	3.02734375e-06	EXT	30000.0
557	V	557	3.02734375e-06	EXT	30000.0
558	V	558	3.02734375e-06	EXT	30000.0
559	V	559	3.02734375e-06	EXT	30000.0
560	V	560	3.02734375e-06	EXT	30000.0
561	V	561	3.02734375e-06	EXT	30000.0
562	V	562	3.02734375e-06	EXT	30000.0
563	V	563	3.02734375e-06	EXT	30000.0
564	V	564	3.02734375e-06	EXT	30000.0
565	V	565	3.02734375e-06	EXT	30000.0
566	V	566	3.02734375e-06	EXT	30000.0
567	V	567	3.02734375e-06	EXT	30000.0
568	V	568	3.02734375e-06	EXT	30000.0
569	V	569	3.02734375e-06	EXT	30000.0
570	V	570	3.02734375e-06	EXT	30000.0
571	V	571	3.02734375e-06	EXT	30000.0
572	V	572	3.02734375e-06	EXT	30000.0
573	V	573	3.02734375e-06	EXT	30000.0
574	V	574	3.02734375e-06	EXT	30000.0
575	V	575	3.02734375e-06	EXT	30000.0
576	V	576	3.02734375e-06	EXT	30000.0
577	V	577	3.02734375e-06	EXT	30000.0
578	V	578	3.02734375e-06	EXT	30000.0
579	V	579	3.02734375e-06	EXT	30000.0
580	V	580	3.02734375e-06	EXT	30000.0
581	V	581	3.02734375e-06	EXT	30000.0
582	V	582	3.02734375e-06	EXT	30000.0
583	V	583	3.02734375e-06	EXT	30000.0
584	V	584	3.02734375e-06	EXT	30000.0
585	V	585	3.02734375e-06	EXT	30000.0
586	V	586	3.02734375e-06	EXT	30000.0
587	V	587	3.02734375e-06	EXT	30000.0
588	V	588	3.02734375e-06	EXT	30000.0
589	V	589	3.02734375e-06	EXT	30000.0
590	V	590	3.02734375e-06	EXT	30000.0
591	V	591	3.02734375e-06	EXT	30000.0
592	V	592	3.02734375e-06	EXT	30000.0
593	V	593	3.02734375e-06	EXT	30000.0
594	V	594	3.02734375e-06	EXT	30000.0
595	V	595	3.02734375e-06	EXT	30000.0
596	V	596	3.02734375e-06	EXT	30000.0
597	V	597	3.02734375e-06	EXT	30000.0
598	V	598	3.02734375e-06	EXT	30000.0
599	V	599	3.02734375e-06	EXT	30000.0
600	V	600	3.02734375e-06	EXT	30000.0
601	V	601	3.02734375e-06	EXT	30000.0
602	V	602	3.02734375e-06	EXT	30000.0
603	V	603	3.02734375e-06	EXT	30000.0
604	V	604	3.02734375e-06	EXT	30000.0
605	V	605	3.02734375e-06	EXT	30000.0
606	V	606	3.02734375e-06	EXT	30000.0
607	V	607	3.02734375e-06	EXT	30000.0
608	V	608	3.02734375e-06	EXT	30000.0
609	V	609	3.02734375e-06	EXT	30000.0
610	V	610	3.02734375e-06	EXT	30000.0
611	V	611	3.02734375e-06	EXT	30000.0
612	V	612	3.02734375e-06	EXT	30000.0
613	V	613	3.02734375e-06	EXT	30000.0
614	V	614	3.02734375e-06	EXT	30000.0
615	V	615	3.02734375e-06	EXT	30000.0
616	V	616	3.02734375e-06	EXT	30000.0
617	V	617	3.02734375e-06	EXT	30000.0
618	V	618	3.02734375e-06	EXT	30000.0
619	V	619	3.02734375e-06	EXT	30000.0
620	V	620	3.02734375e-06	EXT	30000.0
621	V	621	3.02734375e-06	EXT	30000.0
622	V	622	3.02734375e-06	EXT	30000.0
623	V	623	3.02734375e-06	EXT	30000.0
624	V	624	3.02734375e-06	EXT	30000.0
625	V	625	3.02734375e-06	EXT	30000.0
626	V	626	3.02734375e-06	EXT	30000.0
627	V	627	3.02734375e-06	EXT	30000.0
628	V	628	3.02734375e-06	EXT	30000.0
629	V	629	3.02734375e-06	EXT	30000.0
630	V	630	3.02734375e-06	EXT	30000.0
631	V	631	3.02734375e-06	EXT	30000.0
632	V	632	3.02734375e-06	EXT	30000.0
633	V	633	3.02734375e-06	EXT	30000.0
634	V	634	3.02734375e-06	EXT	30000.0
635	V	635	3.02734375e-06	EXT	30000.0
636	V	636	3.02734375e-06	EXT	30000.0
637	V	637	3.02734375e-06	EXT	30000.0
638	V	638	3.02734375e-06	EXT	30000.0
639	V	639	3.02734375e-06	EXT	30000.0
640	V	640	3.02734375e-06	EXT	30000.0
641	V	641	3.02734375e-06	EXT	30000.0
642	V	642	3.02734375e-06	EXT	30000.0
643	V	643	3.02734375e-06	EXT	30000.0
644	V	644	3.02734375e-06	EXT	30000.0
645	V	645	3.02734375e-06	EXT	30000.0
646	V	646	3.02734375e-06	EXT	30000.0
647	V	647	3.02734375e-06	EXT	30000.0
648	V	648	3.02734375e-06	EXT	30000.0
649	V	649	3.02734375e-06	EXT	30000.0
650	V	650	3.02734375e-06	EXT	30000.0
651	V	651	3.02734375e-06	EXT	30000.0
652	V	652	3.02734375e-06	EXT	30000.0
653	V	653	3.02734375e-06	EXT	30000.0
654	V	654	3.02734375e-06	EXT	30000.0
655	V	655	3.02734375e-06	EXT	30000.0
656	V	656	3.02734375e-06	EXT	30000.0
657	V	657	3.02734375e-06	EXT	30000.0
658	V	658	3.02734375e-06	EXT	30000.0
659	V	659	3.02734375e-06	EXT	30000.0
660	V	660	3.02734375e-06	EXT	30000.0
661	V	661	3.02734375e-06	EXT	30000.0
662	V	662	3.02734375e-06	EXT	30000.0
663	V	663	3.02734375e-06	EXT	30000.0
664	V	664	3.02734375e-06	EXT	30000.0
665	V	665	3.02734375e-06	EXT	30000.0
666	V	666	3.02734375e-06	EXT	30000.0
667	V	667	3.02734375e-06	EXT	30000.0
668	V	668	3.02734375e-06	EXT	30000.0
669	V	669	3.02734375e-06	EXT	30000.0
670	V	670	3.02734375e-06	EXT	30000.0
671	V	671	3.02734375e-06	EXT	30000.0
672	V	672	3.02734375e-06	EXT	30000.0
673	V	673	3.02734375e-06	EXT	30000.0
674	V	674	3.02734375e-06	EXT	30000.0
675	V	675	3.02734375e-06	EXT	30000.0
676	V	676	3.02734375e-06	EXT	30000.0
677	V	677	3.02734375e-06	EXT	30000.0
678	V	678	3.02734375e-06	EXT	30000.0
679	V	679	3.02734375e-06	EXT	30000.0
680	V	680	3.02734375e-06	EXT	30000.0
681	V	681	3.02734375e-06	EXT	30000.0
682	V	682	3.02734375e-06	EXT	30000.0
683	V	683	3.02734375e-06	EXT	30000.0
684	V	684	3.02734375e-06	EXT	30000.0
685	V	685	3.02734375e-06	EXT	30000.0
686	V	686	3.02734375e-06	EXT	30000.0
687	V	687	3.02734375e-06	EXT	30000.0
688	V	688	3.02734375e-06	EXT	30000.0
689	V	689	3.02734375e-06	EXT	30000.0
690	V	690	3.02734375e-06	EXT	30000.0
691	V	691	3.02734375e-06	EXT	30000.0
692	V	692	3.02734375e-06	EXT	30000.0
693	V	693	3.02734375e-06	EXT	30000.0
694	V	694	3.02734375e-06	EXT	30000.0
695	V	695	3.02734375e-06	EXT	30000.0
696	V	696	3.02734375e-06	EXT	30000.0
697	V	697	3.02734375e-06	EXT	30000.0
698	V	698	3.02734375e-06	EXT	30000.0
699	V	699	3.02734375e-06	EXT	30000.0
700	V	700	3.02734375e-06	EXT	30000.0
701	V	701	3.02734375e-06	EXT	30000.0
702	V	702	3.02734375e-06	EXT	30000.0
703	V	703	3.02734375e-06	EXT	30000.0
704	V	704	3.02734375e-06	EXT	30000.0
705	V	705	3.02734375e-06	EXT	30000.0
706	V	706	3.02734375e-06	EXT	30000.0
707	V	707	3.02734375e-06	EXT	30000.0
708	V	708	3.02734375e-06	EXT	30000.0
709	V	709	3.02734375e-06	EXT	30000.0
710	V	710	3.02734375e-06	EXT	30000.0
711	V	711	3.02734375e-06	EXT	30000.0
712	V	712	3.02734375e-06	EXT	30000.0
713	V	713	3.02734375e-06	EXT	30000.0
714	V	714	3.02734375e-06	EXT	30000.0
715	V	715	3.02734375e-06	EXT	30000.0
716	V	716	3.02734375e-06	EXT	30000.0
717	V	717	3.02734375e-06	EXT	30000.0
718	V	718	3.02734375e-06	EXT	30000.0
719	V	719	3.02734375e-06	EXT	30000.0
720	V	720	3.02734375e-06	EXT	30000.0
721	V	721	3.02734375e-06	EXT	30000.0
722	V	722	3.02734375e-06	EXT	30000.0
723	V	723	3.02734375e-06	EXT	30000.0
724	V	724	3.02734375e-06	EXT	30000.0
725	V	725	3.02734375e-06	EXT	30000.0
726	V	726	3.02734375e-06	EXT	30000.0
727	V	727	3.02734375e-06	EXT	30000.0
728	V	728	3.02734375e-06	EXT	30000.0
729	V	729	3.02734375e-06	EXT	30000.0
730	V	730	3.02734375e-06	EXT	30000.0
731	V	731	3.02734375e-06	EXT	30000.0
732	V	732	3.02734375e-06	EXT	30000.0
733	V	733	3.02734375e-06	EXT	30000.0
734	V	734	3.02734375e-06	EXT	30000.0
735	V	735	3.02734375e-06	EXT	30000.0
736	V	736	3.02734375e-06	EXT	30000.0
737	V	737	3.02734375e-06	EXT	30000.0
738	V	738	3.02734375e-06	EXT	30000.0
739	V	739	3.02734375e-06	EXT	30000.0
740	V	740	3.02734375e-06	EXT	30000.0
741	V	741	3.02734375e-06	EXT	30000.0
742	V	742	3.02734375e-06	EXT	30000.0
743	V	743	3.02734375e-06	EXT	30000.0
744	V	744	3.02734375e-06	EXT	30000.0
745	V	745	3.02734375e-06	EXT	30000.0
746	V	746	3.02734375e-06	EXT	30000.0
747	V	747	3.02734375e-06	EXT	30000.0
748	V	748	3.02734375e-06	EXT	30000.0
749	V	749	3.02734375e-06	EXT	30000.0
750	V	750	3.02734375e-06	EXT	30000.0
751	V	751	3.02734375e-06	EXT	30000.0
752	V	752	3.02734375e-06	EXT	30000.0
753	V	753	3.02734375e-06	EXT	30000.0
754	V	754	3.02734375e-06	EXT	30000.0
755	V	755	3.02734375e-06	EXT	30000.0
756	V	756	3.02734375e-06	EXT	30000.0
757	V	757	3.02734375e-06	EXT	30000.0
758	V	758	3.02734375e-06	EXT	30000.0
759	V	759	3.02734375e-06	EXT	30000.0
760	V	760	3.02734375e-06	EXT	30000.0
761	V	761	3.02734375e-06	EXT	30000.0
762	V	762	3.02734375e-06	EXT	30000.0
763	V	763	3.02734375e-06	EXT	30000.0
764	V	764	3.02734375e-06	EXT	30000.0
765	V	765	3.02734375e-06	EXT	30000.0
766	V	766	3.02734375e-06	EXT	30000.0
767	V	767	3.02734375e-06	EXT	30000.0
