electrode_id	probe_id	location
0	NeuropixelsImec1	unknown
1	NeuropixelsImec1	unknown
2	NeuropixelsImec1	unknown
3	NeuropixelsImec1	unknown
4	NeuropixelsImec1	unknown
5	NeuropixelsImec1	unknown
6	NeuropixelsImec1	unknown
7	NeuropixelsImec1	unknown
8	NeuropixelsImec1	unknown
9	NeuropixelsImec1	unknown
10	NeuropixelsImec1	unknown
11	NeuropixelsImec1	unknown
12	NeuropixelsImec1	unknown
13	NeuropixelsImec1	unknown
14	NeuropixelsImec1	unknown
15	NeuropixelsImec1	unknown
16	NeuropixelsImec1	unknown
17	NeuropixelsImec1	unknown
18	NeuropixelsImec1	unknown
19	NeuropixelsImec1	unknown
20	NeuropixelsImec1	unknown
21	NeuropixelsImec1	unknown
22	NeuropixelsImec1	unknown
23	NeuropixelsImec1	unknown
24	NeuropixelsImec1	unknown
25	NeuropixelsImec1	unknown
26	NeuropixelsImec1	unknown
27	NeuropixelsImec1	unknown
28	NeuropixelsImec1	unknown
29	NeuropixelsImec1	unknown
30	NeuropixelsImec1	unknown
31	NeuropixelsImec1	unknown
32	NeuropixelsImec1	unknown
33	NeuropixelsImec1	unknown
34	NeuropixelsImec1	unknown
35	NeuropixelsImec1	unknown
36	NeuropixelsImec1	unknown
37	NeuropixelsImec1	unknown
38	NeuropixelsImec1	unknown
39	NeuropixelsImec1	unknown
40	NeuropixelsImec1	unknown
41	NeuropixelsImec1	unknown
42	NeuropixelsImec1	unknown
43	NeuropixelsImec1	unknown
44	NeuropixelsImec1	unknown
45	NeuropixelsImec1	unknown
46	NeuropixelsImec1	unknown
47	NeuropixelsImec1	unknown
48	NeuropixelsImec1	unknown
49	NeuropixelsImec1	unknown
50	NeuropixelsImec1	unknown
51	NeuropixelsImec1	unknown
52	NeuropixelsImec1	unknown
53	NeuropixelsImec1	unknown
54	NeuropixelsImec1	unknown
55	NeuropixelsImec1	unknown
56	NeuropixelsImec1	unknown
57	NeuropixelsImec1	unknown
58	NeuropixelsImec1	unknown
59	NeuropixelsImec1	unknown
60	NeuropixelsImec1	unknown
61	NeuropixelsImec1	unknown
62	NeuropixelsImec1	unknown
63	NeuropixelsImec1	unknown
64	NeuropixelsImec1	unknown
65	NeuropixelsImec1	unknown
66	NeuropixelsImec1	unknown
67	NeuropixelsImec1	unknown
68	NeuropixelsImec1	unknown
69	NeuropixelsImec1	unknown
70	NeuropixelsImec1	unknown
71	NeuropixelsImec1	unknown
72	NeuropixelsImec1	unknown
73	NeuropixelsImec1	unknown
74	NeuropixelsImec1	unknown
75	NeuropixelsImec1	unknown
76	NeuropixelsImec1	unknown
77	NeuropixelsImec1	unknown
78	NeuropixelsImec1	unknown
79	NeuropixelsImec1	unknown
80	NeuropixelsImec1	unknown
81	NeuropixelsImec1	unknown
82	NeuropixelsImec1	unknown
83	NeuropixelsImec1	unknown
84	NeuropixelsImec1	unknown
85	NeuropixelsImec1	unknown
86	NeuropixelsImec1	unknown
87	NeuropixelsImec1	unknown
88	NeuropixelsImec1	unknown
89	NeuropixelsImec1	unknown
90	NeuropixelsImec1	unknown
91	NeuropixelsImec1	unknown
92	NeuropixelsImec1	unknown
93	NeuropixelsImec1	unknown
94	NeuropixelsImec1	unknown
95	NeuropixelsImec1	unknown
96	NeuropixelsImec1	unknown
97	NeuropixelsImec1	unknown
98	NeuropixelsImec1	unknown
99	NeuropixelsImec1	unknown
100	NeuropixelsImec1	unknown
101	NeuropixelsImec1	unknown
102	NeuropixelsImec1	unknown
103	NeuropixelsImec1	unknown
104	NeuropixelsImec1	unknown
105	NeuropixelsImec1	unknown
106	NeuropixelsImec1	unknown
107	NeuropixelsImec1	unknown
108	NeuropixelsImec1	unknown
109	NeuropixelsImec1	unknown
110	NeuropixelsImec1	unknown
111	NeuropixelsImec1	unknown
112	NeuropixelsImec1	unknown
113	NeuropixelsImec1	unknown
114	NeuropixelsImec1	unknown
115	NeuropixelsImec1	unknown
116	NeuropixelsImec1	unknown
117	NeuropixelsImec1	unknown
118	NeuropixelsImec1	unknown
119	NeuropixelsImec1	unknown
120	NeuropixelsImec1	unknown
121	NeuropixelsImec1	unknown
122	NeuropixelsImec1	unknown
123	NeuropixelsImec1	unknown
124	NeuropixelsImec1	unknown
125	NeuropixelsImec1	unknown
126	NeuropixelsImec1	unknown
127	NeuropixelsImec1	unknown
128	NeuropixelsImec1	unknown
129	NeuropixelsImec1	unknown
130	NeuropixelsImec1	unknown
131	NeuropixelsImec1	unknown
132	NeuropixelsImec1	unknown
133	NeuropixelsImec1	unknown
134	NeuropixelsImec1	unknown
135	NeuropixelsImec1	unknown
136	NeuropixelsImec1	unknown
137	NeuropixelsImec1	unknown
138	NeuropixelsImec1	unknown
139	NeuropixelsImec1	unknown
140	NeuropixelsImec1	unknown
141	NeuropixelsImec1	unknown
142	NeuropixelsImec1	unknown
143	NeuropixelsImec1	unknown
144	NeuropixelsImec1	unknown
145	NeuropixelsImec1	unknown
146	NeuropixelsImec1	unknown
147	NeuropixelsImec1	unknown
148	NeuropixelsImec1	unknown
149	NeuropixelsImec1	unknown
150	NeuropixelsImec1	unknown
151	NeuropixelsImec1	unknown
152	NeuropixelsImec1	unknown
153	NeuropixelsImec1	unknown
154	NeuropixelsImec1	unknown
155	NeuropixelsImec1	unknown
156	NeuropixelsImec1	unknown
157	NeuropixelsImec1	unknown
158	NeuropixelsImec1	unknown
159	NeuropixelsImec1	unknown
160	NeuropixelsImec1	unknown
161	NeuropixelsImec1	unknown
162	NeuropixelsImec1	unknown
163	NeuropixelsImec1	unknown
164	NeuropixelsImec1	unknown
165	NeuropixelsImec1	unknown
166	NeuropixelsImec1	unknown
167	NeuropixelsImec1	unknown
168	NeuropixelsImec1	unknown
169	NeuropixelsImec1	unknown
170	NeuropixelsImec1	unknown
171	NeuropixelsImec1	unknown
172	NeuropixelsImec1	unknown
173	NeuropixelsImec1	unknown
174	NeuropixelsImec1	unknown
175	NeuropixelsImec1	unknown
176	NeuropixelsImec1	unknown
177	NeuropixelsImec1	unknown
178	NeuropixelsImec1	unknown
179	NeuropixelsImec1	unknown
180	NeuropixelsImec1	unknown
181	NeuropixelsImec1	unknown
182	NeuropixelsImec1	unknown
183	NeuropixelsImec1	unknown
184	NeuropixelsImec1	unknown
185	NeuropixelsImec1	unknown
186	NeuropixelsImec1	unknown
187	NeuropixelsImec1	unknown
188	NeuropixelsImec1	unknown
189	NeuropixelsImec1	unknown
190	NeuropixelsImec1	unknown
191	NeuropixelsImec1	unknown
192	NeuropixelsImec1	unknown
193	NeuropixelsImec1	unknown
194	NeuropixelsImec1	unknown
195	NeuropixelsImec1	unknown
196	NeuropixelsImec1	unknown
197	NeuropixelsImec1	unknown
198	NeuropixelsImec1	unknown
199	NeuropixelsImec1	unknown
200	NeuropixelsImec1	unknown
201	NeuropixelsImec1	unknown
202	NeuropixelsImec1	unknown
203	NeuropixelsImec1	unknown
204	NeuropixelsImec1	unknown
205	NeuropixelsImec1	unknown
206	NeuropixelsImec1	unknown
207	NeuropixelsImec1	unknown
208	NeuropixelsImec1	unknown
209	NeuropixelsImec1	unknown
210	NeuropixelsImec1	unknown
211	NeuropixelsImec1	unknown
212	NeuropixelsImec1	unknown
213	NeuropixelsImec1	unknown
214	NeuropixelsImec1	unknown
215	NeuropixelsImec1	unknown
216	NeuropixelsImec1	unknown
217	NeuropixelsImec1	unknown
218	NeuropixelsImec1	unknown
219	NeuropixelsImec1	unknown
220	NeuropixelsImec1	unknown
221	NeuropixelsImec1	unknown
222	NeuropixelsImec1	unknown
223	NeuropixelsImec1	unknown
224	NeuropixelsImec1	unknown
225	NeuropixelsImec1	unknown
226	NeuropixelsImec1	unknown
227	NeuropixelsImec1	unknown
228	NeuropixelsImec1	unknown
229	NeuropixelsImec1	unknown
230	NeuropixelsImec1	unknown
231	NeuropixelsImec1	unknown
232	NeuropixelsImec1	unknown
233	NeuropixelsImec1	unknown
234	NeuropixelsImec1	unknown
235	NeuropixelsImec1	unknown
236	NeuropixelsImec1	unknown
237	NeuropixelsImec1	unknown
238	NeuropixelsImec1	unknown
239	NeuropixelsImec1	unknown
240	NeuropixelsImec1	unknown
241	NeuropixelsImec1	unknown
242	NeuropixelsImec1	unknown
243	NeuropixelsImec1	unknown
244	NeuropixelsImec1	unknown
245	NeuropixelsImec1	unknown
246	NeuropixelsImec1	unknown
247	NeuropixelsImec1	unknown
248	NeuropixelsImec1	unknown
249	NeuropixelsImec1	unknown
250	NeuropixelsImec1	unknown
251	NeuropixelsImec1	unknown
252	NeuropixelsImec1	unknown
253	NeuropixelsImec1	unknown
254	NeuropixelsImec1	unknown
255	NeuropixelsImec1	unknown
256	NeuropixelsImec1	unknown
257	NeuropixelsImec1	unknown
258	NeuropixelsImec1	unknown
259	NeuropixelsImec1	unknown
260	NeuropixelsImec1	unknown
261	NeuropixelsImec1	unknown
262	NeuropixelsImec1	unknown
263	NeuropixelsImec1	unknown
264	NeuropixelsImec1	unknown
265	NeuropixelsImec1	unknown
266	NeuropixelsImec1	unknown
267	NeuropixelsImec1	unknown
268	NeuropixelsImec1	unknown
269	NeuropixelsImec1	unknown
270	NeuropixelsImec1	unknown
271	NeuropixelsImec1	unknown
272	NeuropixelsImec1	unknown
273	NeuropixelsImec1	unknown
274	NeuropixelsImec1	unknown
275	NeuropixelsImec1	unknown
276	NeuropixelsImec1	unknown
277	NeuropixelsImec1	unknown
278	NeuropixelsImec1	unknown
279	NeuropixelsImec1	unknown
280	NeuropixelsImec1	unknown
281	NeuropixelsImec1	unknown
282	NeuropixelsImec1	unknown
283	NeuropixelsImec1	unknown
284	NeuropixelsImec1	unknown
285	NeuropixelsImec1	unknown
286	NeuropixelsImec1	unknown
287	NeuropixelsImec1	unknown
288	NeuropixelsImec1	unknown
289	NeuropixelsImec1	unknown
290	NeuropixelsImec1	unknown
291	NeuropixelsImec1	unknown
292	NeuropixelsImec1	unknown
293	NeuropixelsImec1	unknown
294	NeuropixelsImec1	unknown
295	NeuropixelsImec1	unknown
296	NeuropixelsImec1	unknown
297	NeuropixelsImec1	unknown
298	NeuropixelsImec1	unknown
299	NeuropixelsImec1	unknown
300	NeuropixelsImec1	unknown
301	NeuropixelsImec1	unknown
302	NeuropixelsImec1	unknown
303	NeuropixelsImec1	unknown
304	NeuropixelsImec1	unknown
305	NeuropixelsImec1	unknown
306	NeuropixelsImec1	unknown
307	NeuropixelsImec1	unknown
308	NeuropixelsImec1	unknown
309	NeuropixelsImec1	unknown
310	NeuropixelsImec1	unknown
311	NeuropixelsImec1	unknown
312	NeuropixelsImec1	unknown
313	NeuropixelsImec1	unknown
314	NeuropixelsImec1	unknown
315	NeuropixelsImec1	unknown
316	NeuropixelsImec1	unknown
317	NeuropixelsImec1	unknown
318	NeuropixelsImec1	unknown
319	NeuropixelsImec1	unknown
320	NeuropixelsImec1	unknown
321	NeuropixelsImec1	unknown
322	NeuropixelsImec1	unknown
323	NeuropixelsImec1	unknown
324	NeuropixelsImec1	unknown
325	NeuropixelsImec1	unknown
326	NeuropixelsImec1	unknown
327	NeuropixelsImec1	unknown
328	NeuropixelsImec1	unknown
329	NeuropixelsImec1	unknown
330	NeuropixelsImec1	unknown
331	NeuropixelsImec1	unknown
332	NeuropixelsImec1	unknown
333	NeuropixelsImec1	unknown
334	NeuropixelsImec1	unknown
335	NeuropixelsImec1	unknown
336	NeuropixelsImec1	unknown
337	NeuropixelsImec1	unknown
338	NeuropixelsImec1	unknown
339	NeuropixelsImec1	unknown
340	NeuropixelsImec1	unknown
341	NeuropixelsImec1	unknown
342	NeuropixelsImec1	unknown
343	NeuropixelsImec1	unknown
344	NeuropixelsImec1	unknown
345	NeuropixelsImec1	unknown
346	NeuropixelsImec1	unknown
347	NeuropixelsImec1	unknown
348	NeuropixelsImec1	unknown
349	NeuropixelsImec1	unknown
350	NeuropixelsImec1	unknown
351	NeuropixelsImec1	unknown
352	NeuropixelsImec1	unknown
353	NeuropixelsImec1	unknown
354	NeuropixelsImec1	unknown
355	NeuropixelsImec1	unknown
356	NeuropixelsImec1	unknown
357	NeuropixelsImec1	unknown
358	NeuropixelsImec1	unknown
359	NeuropixelsImec1	unknown
360	NeuropixelsImec1	unknown
361	NeuropixelsImec1	unknown
362	NeuropixelsImec1	unknown
363	NeuropixelsImec1	unknown
364	NeuropixelsImec1	unknown
365	NeuropixelsImec1	unknown
366	NeuropixelsImec1	unknown
367	NeuropixelsImec1	unknown
368	NeuropixelsImec1	unknown
369	NeuropixelsImec1	unknown
370	NeuropixelsImec1	unknown
371	NeuropixelsImec1	unknown
372	NeuropixelsImec1	unknown
373	NeuropixelsImec1	unknown
374	NeuropixelsImec1	unknown
375	NeuropixelsImec1	unknown
376	NeuropixelsImec1	unknown
377	NeuropixelsImec1	unknown
378	NeuropixelsImec1	unknown
379	NeuropixelsImec1	unknown
380	NeuropixelsImec1	unknown
381	NeuropixelsImec1	unknown
382	NeuropixelsImec1	unknown
383	NeuropixelsImec1	unknown
384	NeuropixelsImec0	unknown
385	NeuropixelsImec0	unknown
386	NeuropixelsImec0	unknown
387	NeuropixelsImec0	unknown
388	NeuropixelsImec0	unknown
389	NeuropixelsImec0	unknown
390	NeuropixelsImec0	unknown
391	NeuropixelsImec0	unknown
392	NeuropixelsImec0	unknown
393	NeuropixelsImec0	unknown
394	NeuropixelsImec0	unknown
395	NeuropixelsImec0	unknown
396	NeuropixelsImec0	unknown
397	NeuropixelsImec0	unknown
398	NeuropixelsImec0	unknown
399	NeuropixelsImec0	unknown
400	NeuropixelsImec0	unknown
401	NeuropixelsImec0	unknown
402	NeuropixelsImec0	unknown
403	NeuropixelsImec0	unknown
404	NeuropixelsImec0	unknown
405	NeuropixelsImec0	unknown
406	NeuropixelsImec0	unknown
407	NeuropixelsImec0	unknown
408	NeuropixelsImec0	unknown
409	NeuropixelsImec0	unknown
410	NeuropixelsImec0	unknown
411	NeuropixelsImec0	unknown
412	NeuropixelsImec0	unknown
413	NeuropixelsImec0	unknown
414	NeuropixelsImec0	unknown
415	NeuropixelsImec0	unknown
416	NeuropixelsImec0	unknown
417	NeuropixelsImec0	unknown
418	NeuropixelsImec0	unknown
419	NeuropixelsImec0	unknown
420	NeuropixelsImec0	unknown
421	NeuropixelsImec0	unknown
422	NeuropixelsImec0	unknown
423	NeuropixelsImec0	unknown
424	NeuropixelsImec0	unknown
425	NeuropixelsImec0	unknown
426	NeuropixelsImec0	unknown
427	NeuropixelsImec0	unknown
428	NeuropixelsImec0	unknown
429	NeuropixelsImec0	unknown
430	NeuropixelsImec0	unknown
431	NeuropixelsImec0	unknown
432	NeuropixelsImec0	unknown
433	NeuropixelsImec0	unknown
434	NeuropixelsImec0	unknown
435	NeuropixelsImec0	unknown
436	NeuropixelsImec0	unknown
437	NeuropixelsImec0	unknown
438	NeuropixelsImec0	unknown
439	NeuropixelsImec0	unknown
440	NeuropixelsImec0	unknown
441	NeuropixelsImec0	unknown
442	NeuropixelsImec0	unknown
443	NeuropixelsImec0	unknown
444	NeuropixelsImec0	unknown
445	NeuropixelsImec0	unknown
446	NeuropixelsImec0	unknown
447	NeuropixelsImec0	unknown
448	NeuropixelsImec0	unknown
449	NeuropixelsImec0	unknown
450	NeuropixelsImec0	unknown
451	NeuropixelsImec0	unknown
452	NeuropixelsImec0	unknown
453	NeuropixelsImec0	unknown
454	NeuropixelsImec0	unknown
455	NeuropixelsImec0	unknown
456	NeuropixelsImec0	unknown
457	NeuropixelsImec0	unknown
458	NeuropixelsImec0	unknown
459	NeuropixelsImec0	unknown
460	NeuropixelsImec0	unknown
461	NeuropixelsImec0	unknown
462	NeuropixelsImec0	unknown
463	NeuropixelsImec0	unknown
464	NeuropixelsImec0	unknown
465	NeuropixelsImec0	unknown
466	NeuropixelsImec0	unknown
467	NeuropixelsImec0	unknown
468	NeuropixelsImec0	unknown
469	NeuropixelsImec0	unknown
470	NeuropixelsImec0	unknown
471	NeuropixelsImec0	unknown
472	NeuropixelsImec0	unknown
473	NeuropixelsImec0	unknown
474	NeuropixelsImec0	unknown
475	NeuropixelsImec0	unknown
476	NeuropixelsImec0	unknown
477	NeuropixelsImec0	unknown
478	NeuropixelsImec0	unknown
479	NeuropixelsImec0	unknown
480	NeuropixelsImec0	unknown
481	NeuropixelsImec0	unknown
482	NeuropixelsImec0	unknown
483	NeuropixelsImec0	unknown
484	NeuropixelsImec0	unknown
485	NeuropixelsImec0	unknown
486	NeuropixelsImec0	unknown
487	NeuropixelsImec0	unknown
488	NeuropixelsImec0	unknown
489	NeuropixelsImec0	unknown
490	NeuropixelsImec0	unknown
491	NeuropixelsImec0	unknown
492	NeuropixelsImec0	unknown
493	NeuropixelsImec0	unknown
494	NeuropixelsImec0	unknown
495	NeuropixelsImec0	unknown
496	NeuropixelsImec0	unknown
497	NeuropixelsImec0	unknown
498	NeuropixelsImec0	unknown
499	NeuropixelsImec0	unknown
500	NeuropixelsImec0	unknown
501	NeuropixelsImec0	unknown
502	NeuropixelsImec0	unknown
503	NeuropixelsImec0	unknown
504	NeuropixelsImec0	unknown
505	NeuropixelsImec0	unknown
506	NeuropixelsImec0	unknown
507	NeuropixelsImec0	unknown
508	NeuropixelsImec0	unknown
509	NeuropixelsImec0	unknown
510	NeuropixelsImec0	unknown
511	NeuropixelsImec0	unknown
512	NeuropixelsImec0	unknown
513	NeuropixelsImec0	unknown
514	NeuropixelsImec0	unknown
515	NeuropixelsImec0	unknown
516	NeuropixelsImec0	unknown
517	NeuropixelsImec0	unknown
518	NeuropixelsImec0	unknown
519	NeuropixelsImec0	unknown
520	NeuropixelsImec0	unknown
521	NeuropixelsImec0	unknown
522	NeuropixelsImec0	unknown
523	NeuropixelsImec0	unknown
524	NeuropixelsImec0	unknown
525	NeuropixelsImec0	unknown
526	NeuropixelsImec0	unknown
527	NeuropixelsImec0	unknown
528	NeuropixelsImec0	unknown
529	NeuropixelsImec0	unknown
530	NeuropixelsImec0	unknown
531	NeuropixelsImec0	unknown
532	NeuropixelsImec0	unknown
533	NeuropixelsImec0	unknown
534	NeuropixelsImec0	unknown
535	NeuropixelsImec0	unknown
536	NeuropixelsImec0	unknown
537	NeuropixelsImec0	unknown
538	NeuropixelsImec0	unknown
539	NeuropixelsImec0	unknown
540	NeuropixelsImec0	unknown
541	NeuropixelsImec0	unknown
542	NeuropixelsImec0	unknown
543	NeuropixelsImec0	unknown
544	NeuropixelsImec0	unknown
545	NeuropixelsImec0	unknown
546	NeuropixelsImec0	unknown
547	NeuropixelsImec0	unknown
548	NeuropixelsImec0	unknown
549	NeuropixelsImec0	unknown
550	NeuropixelsImec0	unknown
551	NeuropixelsImec0	unknown
552	NeuropixelsImec0	unknown
553	NeuropixelsImec0	unknown
554	NeuropixelsImec0	unknown
555	NeuropixelsImec0	unknown
556	NeuropixelsImec0	unknown
557	NeuropixelsImec0	unknown
558	NeuropixelsImec0	unknown
559	NeuropixelsImec0	unknown
560	NeuropixelsImec0	unknown
561	NeuropixelsImec0	unknown
562	NeuropixelsImec0	unknown
563	NeuropixelsImec0	unknown
564	NeuropixelsImec0	unknown
565	NeuropixelsImec0	unknown
566	NeuropixelsImec0	unknown
567	NeuropixelsImec0	unknown
568	NeuropixelsImec0	unknown
569	NeuropixelsImec0	unknown
570	NeuropixelsImec0	unknown
571	NeuropixelsImec0	unknown
572	NeuropixelsImec0	unknown
573	NeuropixelsImec0	unknown
574	NeuropixelsImec0	unknown
575	NeuropixelsImec0	unknown
576	NeuropixelsImec0	unknown
577	NeuropixelsImec0	unknown
578	NeuropixelsImec0	unknown
579	NeuropixelsImec0	unknown
580	NeuropixelsImec0	unknown
581	NeuropixelsImec0	unknown
582	NeuropixelsImec0	unknown
583	NeuropixelsImec0	unknown
584	NeuropixelsImec0	unknown
585	NeuropixelsImec0	unknown
586	NeuropixelsImec0	unknown
587	NeuropixelsImec0	unknown
588	NeuropixelsImec0	unknown
589	NeuropixelsImec0	unknown
590	NeuropixelsImec0	unknown
591	NeuropixelsImec0	unknown
592	NeuropixelsImec0	unknown
593	NeuropixelsImec0	unknown
594	NeuropixelsImec0	unknown
595	NeuropixelsImec0	unknown
596	NeuropixelsImec0	unknown
597	NeuropixelsImec0	unknown
598	NeuropixelsImec0	unknown
599	NeuropixelsImec0	unknown
600	NeuropixelsImec0	unknown
601	NeuropixelsImec0	unknown
602	NeuropixelsImec0	unknown
603	NeuropixelsImec0	unknown
604	NeuropixelsImec0	unknown
605	NeuropixelsImec0	unknown
606	NeuropixelsImec0	unknown
607	NeuropixelsImec0	unknown
608	NeuropixelsImec0	unknown
609	NeuropixelsImec0	unknown
610	NeuropixelsImec0	unknown
611	NeuropixelsImec0	unknown
612	NeuropixelsImec0	unknown
613	NeuropixelsImec0	unknown
614	NeuropixelsImec0	unknown
615	NeuropixelsImec0	unknown
616	NeuropixelsImec0	unknown
617	NeuropixelsImec0	unknown
618	NeuropixelsImec0	unknown
619	NeuropixelsImec0	unknown
620	NeuropixelsImec0	unknown
621	NeuropixelsImec0	unknown
622	NeuropixelsImec0	unknown
623	NeuropixelsImec0	unknown
624	NeuropixelsImec0	unknown
625	NeuropixelsImec0	unknown
626	NeuropixelsImec0	unknown
627	NeuropixelsImec0	unknown
628	NeuropixelsImec0	unknown
629	NeuropixelsImec0	unknown
630	NeuropixelsImec0	unknown
631	NeuropixelsImec0	unknown
632	NeuropixelsImec0	unknown
633	NeuropixelsImec0	unknown
634	NeuropixelsImec0	unknown
635	NeuropixelsImec0	unknown
636	NeuropixelsImec0	unknown
637	NeuropixelsImec0	unknown
638	NeuropixelsImec0	unknown
639	NeuropixelsImec0	unknown
640	NeuropixelsImec0	unknown
641	NeuropixelsImec0	unknown
642	NeuropixelsImec0	unknown
643	NeuropixelsImec0	unknown
644	NeuropixelsImec0	unknown
645	NeuropixelsImec0	unknown
646	NeuropixelsImec0	unknown
647	NeuropixelsImec0	unknown
648	NeuropixelsImec0	unknown
649	NeuropixelsImec0	unknown
650	NeuropixelsImec0	unknown
651	NeuropixelsImec0	unknown
652	NeuropixelsImec0	unknown
653	NeuropixelsImec0	unknown
654	NeuropixelsImec0	unknown
655	NeuropixelsImec0	unknown
656	NeuropixelsImec0	unknown
657	NeuropixelsImec0	unknown
658	NeuropixelsImec0	unknown
659	NeuropixelsImec0	unknown
660	NeuropixelsImec0	unknown
661	NeuropixelsImec0	unknown
662	NeuropixelsImec0	unknown
663	NeuropixelsImec0	unknown
664	NeuropixelsImec0	unknown
665	NeuropixelsImec0	unknown
666	NeuropixelsImec0	unknown
667	NeuropixelsImec0	unknown
668	NeuropixelsImec0	unknown
669	NeuropixelsImec0	unknown
670	NeuropixelsImec0	unknown
671	NeuropixelsImec0	unknown
672	NeuropixelsImec0	unknown
673	NeuropixelsImec0	unknown
674	NeuropixelsImec0	unknown
675	NeuropixelsImec0	unknown
676	NeuropixelsImec0	unknown
677	NeuropixelsImec0	unknown
678	NeuropixelsImec0	unknown
679	NeuropixelsImec0	unknown
680	NeuropixelsImec0	unknown
681	NeuropixelsImec0	unknown
682	NeuropixelsImec0	unknown
683	NeuropixelsImec0	unknown
684	NeuropixelsImec0	unknown
685	NeuropixelsImec0	unknown
686	NeuropixelsImec0	unknown
687	NeuropixelsImec0	unknown
688	NeuropixelsImec0	unknown
689	NeuropixelsImec0	unknown
690	NeuropixelsImec0	unknown
691	NeuropixelsImec0	unknown
692	NeuropixelsImec0	unknown
693	NeuropixelsImec0	unknown
694	NeuropixelsImec0	unknown
695	NeuropixelsImec0	unknown
696	NeuropixelsImec0	unknown
697	NeuropixelsImec0	unknown
698	NeuropixelsImec0	unknown
699	NeuropixelsImec0	unknown
700	NeuropixelsImec0	unknown
701	NeuropixelsImec0	unknown
702	NeuropixelsImec0	unknown
703	NeuropixelsImec0	unknown
704	NeuropixelsImec0	unknown
705	NeuropixelsImec0	unknown
706	NeuropixelsImec0	unknown
707	NeuropixelsImec0	unknown
708	NeuropixelsImec0	unknown
709	NeuropixelsImec0	unknown
710	NeuropixelsImec0	unknown
711	NeuropixelsImec0	unknown
712	NeuropixelsImec0	unknown
713	NeuropixelsImec0	unknown
714	NeuropixelsImec0	unknown
715	NeuropixelsImec0	unknown
716	NeuropixelsImec0	unknown
717	NeuropixelsImec0	unknown
718	NeuropixelsImec0	unknown
719	NeuropixelsImec0	unknown
720	NeuropixelsImec0	unknown
721	NeuropixelsImec0	unknown
722	NeuropixelsImec0	unknown
723	NeuropixelsImec0	unknown
724	NeuropixelsImec0	unknown
725	NeuropixelsImec0	unknown
726	NeuropixelsImec0	unknown
727	NeuropixelsImec0	unknown
728	NeuropixelsImec0	unknown
729	NeuropixelsImec0	unknown
730	NeuropixelsImec0	unknown
731	NeuropixelsImec0	unknown
732	NeuropixelsImec0	unknown
733	NeuropixelsImec0	unknown
734	NeuropixelsImec0	unknown
735	NeuropixelsImec0	unknown
736	NeuropixelsImec0	unknown
737	NeuropixelsImec0	unknown
738	NeuropixelsImec0	unknown
739	NeuropixelsImec0	unknown
740	NeuropixelsImec0	unknown
741	NeuropixelsImec0	unknown
742	NeuropixelsImec0	unknown
743	NeuropixelsImec0	unknown
744	NeuropixelsImec0	unknown
745	NeuropixelsImec0	unknown
746	NeuropixelsImec0	unknown
747	NeuropixelsImec0	unknown
748	NeuropixelsImec0	unknown
749	NeuropixelsImec0	unknown
750	NeuropixelsImec0	unknown
751	NeuropixelsImec0	unknown
752	NeuropixelsImec0	unknown
753	NeuropixelsImec0	unknown
754	NeuropixelsImec0	unknown
755	NeuropixelsImec0	unknown
756	NeuropixelsImec0	unknown
757	NeuropixelsImec0	unknown
758	NeuropixelsImec0	unknown
759	NeuropixelsImec0	unknown
760	NeuropixelsImec0	unknown
761	NeuropixelsImec0	unknown
762	NeuropixelsImec0	unknown
763	NeuropixelsImec0	unknown
764	NeuropixelsImec0	unknown
765	NeuropixelsImec0	unknown
766	NeuropixelsImec0	unknown
767	NeuropixelsImec0	unknown
